<?xml version="1.0" encoding="UTF-8"?>
<!-- Created by XMLPrettyPrinter on 14-Feb-08 from JDesigner 2.0.41 Beta 10 -->
<sbml xmlns = "http://www.sbml.org/sbml/level2" level = "2" version = "1" xmlns:jd2 = "http://www.sys-bio.org/sbml">
   <!--                     -->
   <!--  Model Starts Here  -->
   <!--                     -->
   <model id = "C_central">
      <listOfCompartments>
         <compartment id = "compartment" size = "1"/>
         <compartment id = "central" size = "1"/>
      </listOfCompartments>
      <listOfSpecies>
         <species id = "C" boundaryCondition = "false" initialConcentration = "2" compartment = "compartment"/>
         <species id = "E1" boundaryCondition = "false" initialConcentration = "1" compartment = "central"/>
         <species id = "CE1" boundaryCondition = "false" initialConcentration = "0" compartment = "central"/>
         <species id = "D" boundaryCondition = "false" initialConcentration = "0" compartment = "compartment"/>
      </listOfSpecies>
      <listOfParameters>
         <parameter id = "C_central_J0_k1" value = "0.1"/>
         <parameter id = "C_central_J0_k2" value = "0.1"/>
         <parameter id = "C_central_J1_k" value = "0.1"/>
      </listOfParameters>
      <listOfReactions>
         <reaction id = "C_central_J0" reversible = "false">
            <listOfReactants>
               <speciesReference species = "C" stoichiometry = "1"/>
               <speciesReference species = "E1" stoichiometry = "1"/>
            </listOfReactants>
            <listOfProducts>
               <speciesReference species = "CE1" stoichiometry = "1"/>
            </listOfProducts>
            <kineticLaw>
               <math xmlns = "http://www.w3.org/1998/Math/MathML">
                  <apply>
                     <minus/>
                     <apply>
                        <times/>
                        <ci>
                              C_central_J0_k1
                        </ci>
                        <ci>
                              C
                        </ci>
                        <ci>
                              E1
                        </ci>
                     </apply>
                     <apply>
                        <times/>
                        <ci>
                              C_central_J0_k2
                        </ci>
                        <ci>
                              CE1
                        </ci>
                     </apply>
                  </apply>
               </math>
            </kineticLaw>
         </reaction>
         <reaction id = "C_central_J1" reversible = "false">
            <listOfReactants>
               <speciesReference species = "CE1" stoichiometry = "1"/>
            </listOfReactants>
            <listOfProducts>
               <speciesReference species = "D" stoichiometry = "1"/>
               <speciesReference species = "E1" stoichiometry = "1"/>
            </listOfProducts>
            <kineticLaw>
               <math xmlns = "http://www.w3.org/1998/Math/MathML">
                  <apply>
                     <times/>
                     <ci>
                           C_central_J1_k
                     </ci>
                     <ci>
                           CE1
                     </ci>
                  </apply>
               </math>
            </kineticLaw>
         </reaction>
      </listOfReactions>
   </model>
</sbml>
